1,20160908,21:30:00,Carolina Panthers,Denver Broncos,1004,1009,20,21,Week 1,18,9/8/2016,21:30
2,20160911,14:00:00,Buffalo Bills,Baltimore Ravens,1003,1002,7,13,Week 1,18,9/11/2016,14:00
3,20160911,14:00:00,Chicago Bears,Houston Texans,1005,1012,14,23,Week 1,18,9/11/2016,14:00
4,20160911,14:00:00,Cincinnati Bengals,New York Jets,1006,1022,23,22,Week 1,18,9/11/2016,14:00
5,20160911,14:00:00,Cleveland Browns,Philadelphia Eagles,1007,1024,10,29,Week 1,18,9/11/2016,14:00
6,20160911,14:00:00,Green Bay Packers,Jacksonville Jaguars,1011,1014,27,23,Week 1,18,9/11/2016,14:00
7,20160911,14:00:00,Minnesota Vikings,Tennessee Titans,1018,1030,25,16,Week 1,18,9/11/2016,14:00
8,20160911,14:00:00,Oakland Raiders,New Orleans Saints,1023,1020,35,34,Week 1,18,9/11/2016,14:00
9,20160911,14:00:00,San Diego Chargers,Kansas City Chiefs,1026,1015,27,33,Week 1,18,9/11/2016,14:00
10,20160911,14:00:00,Tampa Bay Buccaneers,Atlanta Falcons,1029,1001,31,24,Week 1,18,9/11/2016,14:00
11,20160911,17:05:00,Miami Dolphins,Seattle Seahawks,1017,1028,10,12,Week 1,18,9/11/2016,17:05
12,20160911,17:25:00,Detroit Lions,Indianapolis Colts,1010,1013,39,35,Week 1,18,9/11/2016,17:25
13,20160911,17:25:00,New York Giants,Dallas Cowboys,1021,1008,20,19,Week 1,18,9/11/2016,17:25
14,20160911,21:30:00,New England Patriots,Arizona Cardinals,1019,1000,23,21,Week 1,18,9/11/2016,21:30
15,20160912,20:10:00,Pittsburgh Steelers,Washington Redskins,1025,1031,38,16,Week 1,18,9/12/2016,20:10
16,20160912,23:20:00,Los Angeles Rams,San Francisco 49ers,1016,1027,0,28,Week 1,18,9/12/2016,23:20
17,20160915,21:25:00,New York Jets,Buffalo Bills,1022,1003,37,31,Week 2,19,9/15/2016,21:25
18,20160918,14:00:00,Baltimore Ravens,Cleveland Browns,1002,1007,25,20,Week 2,19,9/18/2016,14:00
19,20160918,14:00:00,Cincinnati Bengals,Pittsburgh Steelers,1006,1025,16,24,Week 2,19,9/18/2016,14:00
20,20160918,14:00:00,Dallas Cowboys,Washington Redskins,1008,1031,27,23,Week 2,19,9/18/2016,14:00
21,20160918,14:00:00,Kansas City Chiefs,Houston Texans,1015,1012,12,19,Week 2,19,9/18/2016,14:00
22,20160918,14:00:00,Miami Dolphins,New England Patriots,1017,1019,24,31,Week 2,19,9/18/2016,14:00
23,20160918,14:00:00,New Orleans Saints,New York Giants,1020,1021,13,16,Week 2,19,9/18/2016,14:00
24,20160918,14:00:00,San Francisco 49ers,Carolina Panthers,1027,1004,27,46,Week 2,19,9/18/2016,14:00
25,20160918,14:00:00,Tennessee Titans,Detroit Lions,1030,1010,16,15,Week 2,19,9/18/2016,14:00
26,20160918,17:05:00,Seattle Seahawks,Los Angeles Rams,1028,1016,3,9,Week 2,19,9/18/2016,17:05
27,20160918,17:05:00,Tampa Bay Buccaneers,Arizona Cardinals,1029,1000,7,40,Week 2,19,9/18/2016,17:05
28,20160918,17:25:00,Atlanta Falcons,Oakland Raiders,1001,1023,35,28,Week 2,19,9/18/2016,17:25
29,20160918,17:25:00,Indianapolis Colts,Denver Broncos,1013,1009,20,34,Week 2,19,9/18/2016,17:25
30,20160918,17:25:00,Jacksonville Jaguars,San Diego Chargers,1014,1026,14,38,Week 2,19,9/18/2016,17:25
31,20160918,21:30:00,Green Bay Packers,Minnesota Vikings,1011,1018,14,17,Week 2,19,9/18/2016,21:30
32,20160919,21:30:00,Philadelphia Eagles,Chicago Bears,1024,1005,29,14,Week 2,19,9/19/2016,21:30
33,20160922,21:25:00,Houston Texans,New England Patriots,1012,1019,0,27,Week 3,20,9/22/2016,21:25
34,20160925,14:00:00,Arizona Cardinals,Buffalo Bills,1000,1003,18,33,Week 3,20,9/25/2016,14:00
35,20160925,14:00:00,Baltimore Ravens,Jacksonville Jaguars,1002,1014,19,17,Week 3,20,9/25/2016,14:00
36,20160925,14:00:00,Cleveland Browns,Miami Dolphins,1007,1017,24,30,Week 3,20,9/25/2016,14:00
37,20160925,14:00:00,Denver Broncos,Cincinnati Bengals,1009,1006,29,17,Week 3,20,9/25/2016,14:00
38,20160925,14:00:00,Detroit Lions,Green Bay Packers,1010,1011,27,34,Week 3,20,9/25/2016,14:00
39,20160925,14:00:00,Minnesota Vikings,Carolina Panthers,1018,1004,22,10,Week 3,20,9/25/2016,14:00
40,20160925,14:00:00,Oakland Raiders,Tennessee Titans,1023,1030,10,10,Week 3,20,9/25/2016,14:00
41,20160925,14:00:00,Washington Redskins,New York Giants,1031,1021,29,27,Week 3,20,9/25/2016,14:00
42,20160925,17:05:00,Los Angeles Rams,Tampa Bay Buccaneers,1016,1029,37,32,Week 3,20,9/25/2016,17:05
43,20160925,17:05:00,San Francisco 49ers,Seattle Seahawks,1027,1028,18,37,Week 3,20,9/25/2016,17:05
44,20160925,17:25:00,New York Jets,Kansas City Chiefs,1022,1015,3,24,Week 3,20,9/25/2016,17:25
45,20160925,17:25:00,Pittsburgh Steelers,Philadelphia Eagles,1025,1024,3,34,Week 3,20,9/25/2016,17:25
46,20160925,17:25:00,San Diego Chargers,Indianapolis Colts,1026,1013,22,26,Week 3,20,9/25/2016,17:25
47,20160925,21:30:00,Chicago Bears,Dallas Cowboys,1005,1008,17,31,Week 3,20,9/25/2016,21:30
48,20160926,21:30:00,Atlanta Falcons,New Orleans Saints,1001,1020,45,32,Week 3,20,9/26/2016,21:30
49,20160929,21:25:00,Miami Dolphins,Cincinnati Bengals,1017,1006,7,22,Week 4,21,9/29/2016,21:25
50,20161002,10:30:00,Indianapolis Colts,Jacksonville Jaguars,1013,1014,27,30,Week 4,21,10/2/2016,10:30
51,20161002,14:00:00,Buffalo Bills,New England Patriots,1003,1019,16,0,Week 4,21,10/2/2016,14:00
52,20161002,14:00:00,Carolina Panthers,Atlanta Falcons,1004,1001,33,48,Week 4,21,10/2/2016,14:00
53,20161002,14:00:00,Cleveland Browns,Washington Redskins,1007,1031,20,31,Week 4,21,10/2/2016,14:00
54,20161002,14:00:00,Detroit Lions,Chicago Bears,1010,1005,14,17,Week 4,21,10/2/2016,14:00
55,20161002,14:00:00,Oakland Raiders,Baltimore Ravens,1023,1002,28,27,Week 4,21,10/2/2016,14:00
56,20161002,14:00:00,Seattle Seahawks,New York Jets,1028,1022,27,17,Week 4,21,10/2/2016,14:00
57,20161002,14:00:00,Tennessee Titans,Houston Texans,1030,1012,20,27,Week 4,21,10/2/2016,14:00
58,20161002,17:05:00,Denver Broncos,Tampa Bay Buccaneers,1009,1029,27,7,Week 4,21,10/2/2016,17:05
59,20161002,17:25:00,Dallas Cowboys,San Francisco 49ers,1008,1027,24,17,Week 4,21,10/2/2016,17:25
60,20161002,17:25:00,Los Angeles Rams,Arizona Cardinals,1016,1000,17,13,Week 4,21,10/2/2016,17:25
61,20161002,17:25:00,New Orleans Saints,San Diego Chargers,1020,1026,35,34,Week 4,21,10/2/2016,17:25
62,20161003,21:30:00,Kansas City Chiefs,Pittsburgh Steelers,1015,1025,14,43,Week 4,21,10/3/2016,21:30
63,20161003,21:30:00,New York Giants,Minnesota Vikings,1021,1018,10,24,Week 4,21,10/3/2016,21:30
64,20161006,21:25:00,Arizona Cardinals,San Francisco 49ers,1000,1027,33,21,Week 5,22,10/6/2016,21:25
65,20161009,14:00:00,Chicago Bears,Indianapolis Colts,1005,1013,23,29,Week 5,22,10/9/2016,14:00
66,20161009,14:00:00,Houston Texans,Minnesota Vikings,1012,1018,13,31,Week 5,22,10/9/2016,14:00
67,20161009,14:00:00,New England Patriots,Cleveland Browns,1019,1007,33,13,Week 5,22,10/9/2016,14:00
68,20161009,14:00:00,New York Jets,Pittsburgh Steelers,1022,1025,13,31,Week 5,22,10/9/2016,14:00
69,20161009,14:00:00,Philadelphia Eagles,Detroit Lions,1024,1010,23,24,Week 5,22,10/9/2016,14:00
70,20161009,14:00:00,Tennessee Titans,Miami Dolphins,1030,1017,30,17,Week 5,22,10/9/2016,14:00
71,20161009,14:00:00,Washington Redskins,Baltimore Ravens,1031,1002,16,10,Week 5,22,10/9/2016,14:00
72,20161009,17:05:00,Atlanta Falcons,Denver Broncos,1001,1009,23,16,Week 5,22,10/9/2016,17:05
73,20161009,17:25:00,Buffalo Bills,Los Angeles Rams,1003,1016,30,19,Week 5,22,10/9/2016,17:25
74,20161009,17:25:00,Cincinnati Bengals,Dallas Cowboys,1006,1008,14,28,Week 5,22,10/9/2016,17:25
75,20161009,17:25:00,San Diego Chargers,Oakland Raiders,1026,1023,31,34,Week 5,22,10/9/2016,17:25
76,20161009,21:30:00,New York Giants,Green Bay Packers,1021,1011,16,23,Week 5,22,10/9/2016,21:30
77,20161010,21:30:00,Tampa Bay Buccaneers,Carolina Panthers,1029,1004,17,14,Week 5,22,10/10/2016,21:30
78,20161013,21:25:00,Denver Broncos,San Diego Chargers,1009,1026,13,21,Week 6,23,10/13/2016,21:25
79,20161016,14:00:00,Baltimore Ravens,New York Giants,1002,1021,23,27,Week 6,23,10/16/2016,14:00
80,20161016,14:00:00,Carolina Panthers,New Orleans Saints,1004,1020,38,41,Week 6,23,10/16/2016,14:00
81,20161016,14:00:00,Cincinnati Bengals,New England Patriots,1006,1019,17,35,Week 6,23,10/16/2016,14:00
82,20161016,14:00:00,Cleveland Browns,Tennessee Titans,1007,1030,26,28,Week 6,23,10/16/2016,14:00
83,20161016,14:00:00,Jacksonville Jaguars,Chicago Bears,1014,1005,17,16,Week 6,23,10/16/2016,14:00
84,20161016,14:00:00,Los Angeles Rams,Detroit Lions,1016,1010,28,31,Week 6,23,10/16/2016,14:00
85,20161016,14:00:00,Philadelphia Eagles,Washington Redskins,1024,1031,20,27,Week 6,23,10/16/2016,14:00
86,20161016,14:00:00,Pittsburgh Steelers,Miami Dolphins,1025,1017,15,30,Week 6,23,10/16/2016,14:00
87,20161016,14:00:00,San Francisco 49ers,Buffalo Bills,1027,1003,16,45,Week 6,23,10/16/2016,14:00
88,20161016,17:05:00,Kansas City Chiefs,Oakland Raiders,1015,1023,26,10,Week 6,23,10/16/2016,17:05
89,20161016,17:25:00,Atlanta Falcons,Seattle Seahawks,1001,1028,24,26,Week 6,23,10/16/2016,17:25
90,20161016,17:25:00,Dallas Cowboys,Green Bay Packers,1008,1011,27,9,Week 6,23,10/16/2016,17:25
91,20161016,21:30:00,Indianapolis Colts,Houston Texans,1013,1012,23,26,Week 6,23,10/16/2016,21:30
92,20161017,21:30:00,New York Jets,Arizona Cardinals,1022,1000,3,28,Week 6,23,10/17/2016,21:30
93,20161020,21:25:00,Chicago Bears,Green Bay Packers,1005,1011,10,26,Week 7,24,10/20/2016,21:25
94,20161023,10:30:00,New York Giants,Los Angeles Rams,1021,1016,17,10,Week 7,24,10/23/2016,10:30
95,20161023,14:00:00,Baltimore Ravens,New York Jets,1002,1022,16,24,Week 7,24,10/23/2016,14:00
96,20161023,14:00:00,Buffalo Bills,Miami Dolphins,1003,1017,25,28,Week 7,24,10/23/2016,14:00
97,20161023,14:00:00,Cleveland Browns,Cincinnati Bengals,1007,1006,17,31,Week 7,24,10/23/2016,14:00
98,20161023,14:00:00,Indianapolis Colts,Tennessee Titans,1013,1030,34,26,Week 7,24,10/23/2016,14:00
99,20161023,14:00:00,Minnesota Vikings,Philadelphia Eagles,1018,1024,10,21,Week 7,24,10/23/2016,14:00
100,20161023,14:00:00,New Orleans Saints,Kansas City Chiefs,1020,1015,21,27,Week 7,24,10/23/2016,14:00
101,20161023,14:00:00,Oakland Raiders,Jacksonville Jaguars,1023,1014,33,16,Week 7,24,10/23/2016,14:00
102,20161023,14:00:00,Washington Redskins,Detroit Lions,1031,1010,17,20,Week 7,24,10/23/2016,14:00
103,20161023,17:05:00,San Diego Chargers,Atlanta Falcons,1026,1001,33,30,Week 7,24,10/23/2016,17:05
104,20161023,17:05:00,Tampa Bay Buccaneers,San Francisco 49ers,1029,1027,34,17,Week 7,24,10/23/2016,17:05
105,20161023,17:25:00,New England Patriots,Pittsburgh Steelers,1019,1025,27,16,Week 7,24,10/23/2016,17:25
106,20161023,21:30:00,Seattle Seahawks,Arizona Cardinals,1028,1000,6,6,Week 7,24,10/23/2016,21:30
107,20161024,21:30:00,Houston Texans,Denver Broncos,1012,1009,9,27,Week 7,24,10/24/2016,21:30
108,20161027,18:25:00,Jacksonville Jaguars,Tennessee Titans,1014,1030,22,36,Week 8,25,10/27/2016,18:25
109,20161030,7:30:00,Washington Redskins,Cincinnati Bengals,1031,1006,27,27,Week 8,25,10/30/2016,7:30
110,20161030,11:00:00,Detroit Lions,Houston Texans,1010,1012,13,20,Week 8,25,10/30/2016,11:00
112,20161030,11:00:00,Kansas City Chiefs,Indianapolis Colts,1015,1013,30,14,Week 8,25,10/30/2016,11:00
113,20161030,11:00:00,New England Patriots,Buffalo Bills,1019,1003,41,25,Week 8,25,10/30/2016,11:00
114,20161030,11:00:00,New York Jets,Cleveland Browns,1022,1007,31,28,Week 8,25,10/30/2016,11:00
116,20161030,11:00:00,Seattle Seahawks,New Orleans Saints,1028,1020,20,25,Week 8,25,10/30/2016,11:00
118,20161030,14:25:00,Arizona Cardinals,Carolina Panthers,1000,1004,20,30,Week 8,25,10/30/2016,14:25
111,20161030,11:00:00,Green Bay Packers,Atlanta Falcons,1011,1001,32,33,Week 8,25,10/30/2016,11:00
115,20161030,11:00:00,Oakland Raiders,Tampa Bay Buccaneers,1023,1029,30,24,Week 8,25,10/30/2016,11:00
119,20161030,18:30:00,Philadelphia Eagles,Dallas Cowboys,1024,1008,23,29,Week 8,25,10/30/2016,18:30
120,20161031,18:30:00,Minnesota Vikings,Chicago Bears,1018,1005,10,20,Week 8,25,10/31/2016,18:30
117,20161030,14:05:00,San Diego Chargers,Denver Broncos,1026,1009,19,27,Week 8,25,10/30/2016,14:05
121,20161103,18:25:00,Atlanta Falcons,Tampa Bay Buccaneers,1001,1029,,,Week 9,26,11/3/2016,18:25
122,20161106,11:00:00,Dallas Cowboys,Cleveland Browns,1008,1007,,,Week 9,26,11/6/2016,11:00
123,20161106,11:00:00,Detroit Lions,Minnesota Vikings,1010,1018,,,Week 9,26,11/6/2016,11:00
124,20161106,11:00:00,Jacksonville Jaguars,Kansas City Chiefs,1014,1015,,,Week 9,26,11/6/2016,11:00
125,20161106,11:00:00,New York Jets,Miami Dolphins,1022,1017,,,Week 9,26,11/6/2016,11:00
126,20161106,11:00:00,Philadelphia Eagles,New York Giants,1024,1021,,,Week 9,26,11/6/2016,11:00
127,20161106,11:00:00,Pittsburgh Steelers,Baltimore Ravens,1025,1002,,,Week 9,26,11/6/2016,11:00
128,20161106,14:05:00,Carolina Panthers,Los Angeles Rams,1004,1016,,,Week 9,26,11/6/2016,14:05
129,20161106,14:05:00,New Orleans Saints,San Francisco 49ers,1020,1027,,,Week 9,26,11/6/2016,14:05
130,20161106,14:25:00,Indianapolis Colts,Green Bay Packers,1013,1011,,,Week 9,26,11/6/2016,14:25
131,20161106,14:25:00,Tennessee Titans,San Diego Chargers,1030,1026,,,Week 9,26,11/6/2016,14:25
132,20161106,18:30:00,Denver Broncos,Oakland Raiders,1009,1023,,,Week 9,26,11/6/2016,18:30
133,20161107,18:30:00,Buffalo Bills,Seattle Seahawks,1003,1028,,,Week 9,26,11/7/2016,18:30
134,20161110,18:25:00,Cleveland Browns,Baltimore Ravens,1007,1002,,,Week 10,27,11/10/2016,18:25
135,20161113,11:00:00,Atlanta Falcons,Philadelphia Eagles,1001,1024,,,Week 10,27,11/13/2016,11:00
136,20161113,11:00:00,Chicago Bears,Tampa Bay Buccaneers,1005,1029,,,Week 10,27,11/13/2016,11:00
137,20161113,11:00:00,Denver Broncos,New Orleans Saints,1009,1020,,,Week 10,27,11/13/2016,11:00
138,20161113,11:00:00,Green Bay Packers,Tennessee Titans,1011,1030,,,Week 10,27,11/13/2016,11:00
139,20161113,11:00:00,Houston Texans,Jacksonville Jaguars,1012,1014,,,Week 10,27,11/13/2016,11:00
140,20161113,11:00:00,Kansas City Chiefs,Carolina Panthers,1015,1004,,,Week 10,27,11/13/2016,11:00
141,20161113,11:00:00,Los Angeles Rams,New York Jets,1016,1022,,,Week 10,27,11/13/2016,11:00
142,20161113,11:00:00,Minnesota Vikings,Washington Redskins,1018,1031,,,Week 10,27,11/13/2016,11:00
143,20161113,14:05:00,Miami Dolphins,San Diego Chargers,1017,1026,,,Week 10,27,11/13/2016,14:05
144,20161113,14:25:00,Dallas Cowboys,Pittsburgh Steelers,1008,1025,,,Week 10,27,11/13/2016,14:25
145,20161113,14:25:00,San Francisco 49ers,Arizona Cardinals,1027,1000,,,Week 10,27,11/13/2016,14:25
146,20161113,18:30:00,Seattle Seahawks,New England Patriots,1028,1019,,,Week 10,27,11/13/2016,18:30
147,20161114,18:30:00,Cincinnati Bengals,New York Giants,1006,1021,,,Week 10,27,11/14/2016,18:30
148,20161117,18:25:00,New Orleans Saints,Carolina Panthers,1020,1004,,,Week 11,28,11/17/2016,18:25
149,20161120,11:00:00,Arizona Cardinals,Minnesota Vikings,1000,1018,,,Week 11,28,11/20/2016,11:00
150,20161120,11:00:00,Baltimore Ravens,Dallas Cowboys,1002,1008,,,Week 11,28,11/20/2016,11:00
151,20161120,11:00:00,Buffalo Bills,Cincinnati Bengals,1003,1006,,,Week 11,28,11/20/2016,11:00
152,20161120,11:00:00,Chicago Bears,New York Giants,1005,1021,,,Week 11,28,11/20/2016,11:00
153,20161120,11:00:00,Jacksonville Jaguars,Detroit Lions,1014,1010,,,Week 11,28,11/20/2016,11:00
154,20161120,11:00:00,Pittsburgh Steelers,Cleveland Browns,1025,1007,,,Week 11,28,11/20/2016,11:00
155,20161120,11:00:00,Tampa Bay Buccaneers,Kansas City Chiefs,1029,1015,,,Week 11,28,11/20/2016,11:00
156,20161120,11:00:00,Tennessee Titans,Indianapolis Colts,1030,1013,,,Week 11,28,11/20/2016,11:00
157,20161120,14:05:00,Miami Dolphins,Los Angeles Rams,1017,1016,,,Week 11,28,11/20/2016,14:05
158,20161120,14:25:00,New England Patriots,San Francisco 49ers,1019,1027,,,Week 11,28,11/20/2016,14:25
159,20161120,14:25:00,Philadelphia Eagles,Seattle Seahawks,1024,1028,,,Week 11,28,11/20/2016,14:25
160,20161120,18:30:00,Green Bay Packers,Washington Redskins,1011,1031,,,Week 11,28,11/20/2016,18:30
161,20161121,18:30:00,Houston Texans,Oakland Raiders,1012,1023,,,Week 11,28,11/21/2016,18:30
162,20161124,10:30:00,Minnesota Vikings,Detroit Lions,1018,1010,,,Week 12,29,11/24/2016,10:30
163,20161127,14:30:00,Washington Redskins,Dallas Cowboys,1031,1008,,,Week 12,29,11/27/2016,14:30
164,20161127,18:30:00,Pittsburgh Steelers,Indianapolis Colts,1025,1013,,,Week 12,29,11/27/2016,18:30
165,20161127,11:00:00,Arizona Cardinals,Atlanta Falcons,1000,1001,,,Week 12,29,11/27/2016,11:00
166,20161127,11:00:00,Cincinnati Bengals,Baltimore Ravens,1006,1002,,,Week 12,29,11/27/2016,11:00
167,20161127,11:00:00,Jacksonville Jaguars,Buffalo Bills,1014,1003,,,Week 12,29,11/27/2016,11:00
168,20161127,11:00:00,Los Angeles Rams,New Orleans Saints,1016,1020,,,Week 12,29,11/27/2016,11:00
169,20161127,11:00:00,New York Giants,Cleveland Browns,1021,1007,,,Week 12,29,11/27/2016,11:00
170,20161127,11:00:00,San Diego Chargers,Houston Texans,1026,1012,,,Week 12,29,11/27/2016,11:00
171,20161127,11:00:00,San Francisco 49ers,Miami Dolphins,1027,1017,,,Week 12,29,11/27/2016,11:00
172,20161127,11:00:00,Tennessee Titans,Chicago Bears,1030,1005,,,Week 12,29,11/27/2016,11:00
173,20161127,14:05:00,Seattle Seahawks,Tampa Bay Buccaneers,1028,1029,,,Week 12,29,11/27/2016,14:05
174,20161127,14:25:00,Carolina Panthers,Oakland Raiders,1004,1023,,,Week 12,29,11/27/2016,14:25
175,20161127,14:25:00,Kansas City Chiefs,Denver Broncos,1015,1009,,,Week 12,29,11/27/2016,14:25
176,20161127,18:30:00,New England Patriots,New York Jets,1019,1022,,,Week 12,29,11/27/2016,18:30
177,20161128,18:30:00,Green Bay Packers,Philadelphia Eagles,1011,1024,,,Week 12,29,11/28/2016,18:30
178,20161201,18:25:00,Dallas Cowboys,Minnesota Vikings,1008,1018,,,Week 13,30,12/1/2016,18:25
179,20161204,11:00:00,Denver Broncos,Jacksonville Jaguars,1009,1014,,,Week 13,30,12/4/2016,11:00
180,20161204,11:00:00,Detroit Lions,New Orleans Saints,1010,1020,,,Week 13,30,12/4/2016,11:00
181,20161204,11:00:00,Houston Texans,Green Bay Packers,1012,1011,,,Week 13,30,12/4/2016,11:00
182,20161204,11:00:00,Kansas City Chiefs,Atlanta Falcons,1015,1001,,,Week 13,30,12/4/2016,11:00
183,20161204,11:00:00,Los Angeles Rams,New England Patriots,1016,1019,,,Week 13,30,12/4/2016,11:00
184,20161204,11:00:00,Miami Dolphins,Baltimore Ravens,1017,1002,,,Week 13,30,12/4/2016,11:00
185,20161204,11:00:00,Philadelphia Eagles,Cincinnati Bengals,1024,1006,,,Week 13,30,12/4/2016,11:00
186,20161204,11:00:00,San Francisco 49ers,Chicago Bears,1027,1005,,,Week 13,30,12/4/2016,11:00
187,20161204,14:05:00,Buffalo Bills,Oakland Raiders,1003,1023,,,Week 13,30,12/4/2016,14:05
188,20161204,14:25:00,New York Giants,Pittsburgh Steelers,1021,1025,,,Week 13,30,12/4/2016,14:25
189,20161204,14:25:00,Tampa Bay Buccaneers,San Diego Chargers,1029,1026,,,Week 13,30,12/4/2016,14:25
190,20161204,14:25:00,Washington Redskins,Arizona Cardinals,1031,1000,,,Week 13,30,12/4/2016,14:25
191,20161204,18:30:00,Carolina Panthers,Seattle Seahawks,1004,1028,,,Week 13,30,12/4/2016,18:30
192,20161205,18:30:00,Indianapolis Colts,New York Jets,1013,1022,,,Week 13,30,12/5/2016,18:30
193,20161208,18:25:00,Oakland Raiders,Kansas City Chiefs,1023,1015,,,Week 14,31,12/8/2016,18:25
194,20161211,11:00:00,Arizona Cardinals,Miami Dolphins,1000,1017,,,Week 14,31,12/11/2016,11:00
195,20161211,11:00:00,Chicago Bears,Detroit Lions,1005,1010,,,Week 14,31,12/11/2016,11:00
196,20161211,11:00:00,Cincinnati Bengals,Cleveland Browns,1006,1007,,,Week 14,31,12/11/2016,11:00
197,20161211,11:00:00,Denver Broncos,Tennessee Titans,1009,1030,,,Week 14,31,12/11/2016,11:00
198,20161211,11:00:00,Houston Texans,Indianapolis Colts,1012,1013,,,Week 14,31,12/11/2016,11:00
199,20161211,11:00:00,Minnesota Vikings,Jacksonville Jaguars,1018,1014,,,Week 14,31,12/11/2016,11:00
200,20161211,11:00:00,New Orleans Saints,Tampa Bay Buccaneers,1020,1029,,,Week 14,31,12/11/2016,11:00
201,20161211,11:00:00,Pittsburgh Steelers,Buffalo Bills,1025,1003,,,Week 14,31,12/11/2016,11:00
202,20161211,11:00:00,San Diego Chargers,Carolina Panthers,1026,1004,,,Week 14,31,12/11/2016,11:00
203,20161211,11:00:00,Washington Redskins,Philadelphia Eagles,1031,1024,,,Week 14,31,12/11/2016,11:00
204,20161211,14:05:00,New York Jets,San Francisco 49ers,1022,1027,,,Week 14,31,12/11/2016,14:05
205,20161211,14:25:00,Atlanta Falcons,Los Angeles Rams,1001,1016,,,Week 14,31,12/11/2016,14:25
206,20161211,14:25:00,Seattle Seahawks,Green Bay Packers,1028,1011,,,Week 14,31,12/11/2016,14:25
207,20161211,18:30:00,Dallas Cowboys,New York Giants,1008,1021,,,Week 14,31,12/11/2016,18:30
208,20161212,18:30:00,Baltimore Ravens,New England Patriots,1002,1019,,,Week 14,31,12/12/2016,18:30
209,20161215,18:25:00,Los Angeles Rams,Seattle Seahawks,1016,1028,,,Week 15,32,12/15/2016,18:25
210,20161217,18:25:00,Miami Dolphins,New York Jets,1017,1022,,,Week 15,32,12/17/2016,18:25
211,20161218,11:00:00,Cleveland Browns,Buffalo Bills,1007,1003,,,Week 15,32,12/18/2016,11:00
212,20161218,11:00:00,Detroit Lions,New York Giants,1010,1021,,,Week 15,32,12/18/2016,11:00
213,20161218,11:00:00,Green Bay Packers,Chicago Bears,1011,1005,,,Week 15,32,12/18/2016,11:00
214,20161218,11:00:00,Indianapolis Colts,Minnesota Vikings,1013,1018,,,Week 15,32,12/18/2016,11:00
215,20161218,11:00:00,Jacksonville Jaguars,Houston Texans,1014,1012,,,Week 15,32,12/18/2016,11:00
216,20161218,11:00:00,Philadelphia Eagles,Baltimore Ravens,1024,1002,,,Week 15,32,12/18/2016,11:00
217,20161218,11:00:00,Tampa Bay Buccaneers,Dallas Cowboys,1029,1008,,,Week 15,32,12/18/2016,11:00
218,20161218,11:00:00,Tennessee Titans,Kansas City Chiefs,1030,1015,,,Week 15,32,12/18/2016,11:00
219,20161218,14:05:00,New Orleans Saints,Arizona Cardinals,1020,1000,,,Week 15,32,12/18/2016,14:05
220,20161218,14:05:00,San Francisco 49ers,Atlanta Falcons,1027,1001,,,Week 15,32,12/18/2016,14:05
221,20161218,14:25:00,New England Patriots,Denver Broncos,1019,1009,,,Week 15,32,12/18/2016,14:25
222,20161218,14:25:00,Oakland Raiders,San Diego Chargers,1023,1026,,,Week 15,32,12/18/2016,14:25
223,20161218,18:30:00,Pittsburgh Steelers,Cincinnati Bengals,1025,1006,,,Week 15,32,12/18/2016,18:30
224,20161219,18:30:00,Carolina Panthers,Washington Redskins,1004,1031,,,Week 15,32,12/19/2016,18:30
225,20161222,18:25:00,New York Giants,Philadelphia Eagles,1021,1024,,,Week 16,33,12/22/2016,18:25
226,20161224,11:00:00,Atlanta Falcons,Carolina Panthers,1001,1004,,,Week 16,33,12/24/2016,11:00
227,20161224,11:00:00,Miami Dolphins,Buffalo Bills,1017,1003,,,Week 16,33,12/24/2016,11:00
228,20161224,11:00:00,Minnesota Vikings,Green Bay Packers,1018,1011,,,Week 16,33,12/24/2016,11:00
229,20161224,11:00:00,New York Jets,New England Patriots,1022,1019,,,Week 16,33,12/24/2016,11:00
230,20161224,11:00:00,San Diego Chargers,Cleveland Browns,1026,1007,,,Week 16,33,12/24/2016,11:00
231,20161224,11:00:00,Tampa Bay Buccaneers,New Orleans Saints,1029,1020,,,Week 16,33,12/24/2016,11:00
232,20161224,11:00:00,Tennessee Titans,Jacksonville Jaguars,1030,1014,,,Week 16,33,12/24/2016,11:00
233,20161224,11:00:00,Washington Redskins,Chicago Bears,1031,1005,,,Week 16,33,12/24/2016,11:00
234,20161224,14:05:00,Indianapolis Colts,Oakland Raiders,1013,1023,,,Week 16,33,12/24/2016,14:05
235,20161224,14:25:00,Arizona Cardinals,Seattle Seahawks,1000,1028,,,Week 16,33,12/24/2016,14:25
236,20161224,14:25:00,San Francisco 49ers,Los Angeles Rams,1027,1016,,,Week 16,33,12/24/2016,14:25
237,20161224,18:25:00,Cincinnati Bengals,Houston Texans,1006,1012,,,Week 16,33,12/24/2016,18:25
238,20161225,14:30:00,Baltimore Ravens,Pittsburgh Steelers,1002,1025,,,Week 16,33,12/25/2016,14:30
239,20161225,18:30:00,Denver Broncos,Kansas City Chiefs,1009,1015,,,Week 16,33,12/25/2016,18:30
240,20161226,18:30:00,Detroit Lions,Dallas Cowboys,1010,1008,,,Week 16,33,12/26/2016,18:30
241,20170101,11:00:00,Baltimore Ravens,Cincinnati Bengals,1002,1006,,,Week 17,34,1/1/2017,11:00
242,20170101,11:00:00,Buffalo Bills,New York Jets,1003,1022,,,Week 17,34,1/1/2017,11:00
243,20170101,11:00:00,Carolina Panthers,Tampa Bay Buccaneers,1004,1029,,,Week 17,34,1/1/2017,11:00
244,20170101,11:00:00,Chicago Bears,Minnesota Vikings,1005,1018,,,Week 17,34,1/1/2017,11:00
245,20170101,11:00:00,Cleveland Browns,Pittsburgh Steelers,1007,1025,,,Week 17,34,1/1/2017,11:00
246,20170101,11:00:00,Dallas Cowboys,Philadelphia Eagles,1008,1024,,,Week 17,34,1/1/2017,11:00
247,20170101,11:00:00,Green Bay Packers,Detroit Lions,1011,1010,,,Week 17,34,1/1/2017,11:00
248,20170101,11:00:00,Houston Texans,Tennessee Titans,1012,1030,,,Week 17,34,1/1/2017,11:00
249,20170101,11:00:00,Jacksonville Jaguars,Indianapolis Colts,1014,1013,,,Week 17,34,1/1/2017,11:00
250,20170101,11:00:00,New England Patriots,Miami Dolphins,1019,1017,,,Week 17,34,1/1/2017,11:00
251,20170101,11:00:00,New Orleans Saints,Atlanta Falcons,1020,1001,,,Week 17,34,1/1/2017,11:00
252,20170101,11:00:00,New York Giants,Washington Redskins,1021,1031,,,Week 17,34,1/1/2017,11:00
253,20170101,14:25:00,Arizona Cardinals,Los Angeles Rams,1000,1016,,,Week 17,34,1/1/2017,14:25
254,20170101,14:25:00,Kansas City Chiefs,San Diego Chargers,1015,1026,,,Week 17,34,1/1/2017,14:25
255,20170101,14:25:00,Oakland Raiders,Denver Broncos,1023,1009,,,Week 17,34,1/1/2017,14:25
256,20170101,14:25:00,Seattle Seahawks,San Francisco 49ers,1028,1027,,,Week 17,34,1/1/2017,14:25
300,20150910,21:30:00,Pittsburgh Steelers,New England Patriots,1025,1019,21,28,Week 1,1,9/10/2015,21:30
301,20150913,14:00:00,Green Bay Packers,Chicago Bears,1011,1005,31,23,Week 1,1,9/13/2015,14:00
302,20150913,14:00:00,Kansas City Chiefs,Houston Texans,1015,1012,27,20,Week 1,1,9/13/2015,14:00
303,20150913,14:00:00,Cleveland Browns,New York Jets,1007,1022,10,31,Week 1,1,9/13/2015,14:00
304,20150913,14:00:00,Indianapolis Colts,Buffalo Bills,1013,1003,14,27,Week 1,1,9/13/2015,14:00
305,20150913,14:00:00,Miami Dolphins,Washington Redskins,1017,1031,17,10,Week 1,1,9/13/2015,14:00
306,20150913,14:00:00,Carolina Panthers,Jacksonville Jaguars,1004,1014,20,9,Week 1,1,9/13/2015,14:00
308,20150913,17:05:00,New Orleans Saints,Arizona Cardinals,1020,1000,19,31,Week 1,1,9/13/2015,17:05
309,20150913,17:05:00,Detroit Lions,San Diego Chargers,1010,1026,28,33,Week 1,1,9/13/2015,17:05
310,20150913,17:25:00,Tennessee Titans,Tampa Bay Buccaneers,1030,1029,42,14,Week 1,1,9/13/2015,17:25
311,20150913,17:25:00,Cincinnati Bengals,Oakland Raiders,1006,1023,33,13,Week 1,1,9/13/2015,17:25
312,20150913,17:25:00,Baltimore Ravens,Denver Broncos,1002,1009,13,19,Week 1,1,9/13/2015,17:25
313,20150913,21:30:00,New York Giants,Dallas Cowboys,1021,1008,26,27,Week 1,1,9/13/2015,21:30
314,20150914,20:10:00,Philadelphia Eagles,Atlanta Falcons,1024,1001,24,26,Week 1,1,9/14/2015,20:10
315,20150914,23:20:00,Minnesota Vikings,San Francisco 49ers,1018,1027,3,20,Week 1,1,9/14/2015,23:20
316,20150917,21:25:00,Denver Broncos,Kansas City Chiefs,1009,1015,31,24,Week 2,2,9/17/2015,21:25
317,20150920,14:00:00,Houston Texans,Carolina Panthers,1012,1004,17,24,Week 2,2,9/20/2015,14:00
318,20150920,14:00:00,San Francisco 49ers,Pittsburgh Steelers,1027,1025,18,43,Week 2,2,9/20/2015,14:00
319,20150920,14:00:00,Tampa Bay Buccaneers,New Orleans Saints,1029,1020,26,19,Week 2,2,9/20/2015,14:00
320,20150920,14:00:00,Detroit Lions,Minnesota Vikings,1010,1018,16,26,Week 2,2,9/20/2015,14:00
321,20150920,14:00:00,Arizona Cardinals,Chicago Bears,1000,1005,48,23,Week 2,2,9/20/2015,14:00
322,20150920,14:00:00,New England Patriots,Buffalo Bills,1019,1003,40,32,Week 2,2,9/20/2015,14:00
323,20150920,14:00:00,San Diego Chargers,Cincinnati Bengals,1026,1006,19,24,Week 2,2,9/20/2015,14:00
324,20150920,14:00:00,Tennessee Titans,Cleveland Browns,1030,1007,14,28,Week 2,2,9/20/2015,14:00
325,20150920,14:00:00,Atlanta Falcons,New York Giants,1001,1021,24,20,Week 2,2,9/20/2015,14:00
327,20150920,17:05:00,Miami Dolphins,Jacksonville Jaguars,1017,1014,20,23,Week 2,2,9/20/2015,17:05
328,20150920,17:05:00,Baltimore Ravens,Oakland Raiders,1002,1023,33,37,Week 2,2,9/20/2015,17:05
329,20150920,17:25:00,Dallas Cowboys,Philadelphia Eagles,1008,1024,20,10,Week 2,2,9/20/2015,17:25
330,20150920,21:30:00,Seattle Seahawks,Green Bay Packers,1028,1011,17,27,Week 2,2,9/20/2015,21:30
331,20150921,21:30:00,New York Jets,Indianapolis Colts,1022,1013,20,7,Week 2,2,9/21/2015,21:30
332,20150924,21:25:00,Washington Redskins,New York Giants,1031,1021,21,32,Week 3,3,9/24/2015,21:25
333,20150927,14:00:00,Atlanta Falcons,Dallas Cowboys,1001,1008,39,28,Week 3,3,9/27/2015,14:00
334,20150927,14:00:00,Indianapolis Colts,Tennessee Titans,1013,1030,35,33,Week 3,3,9/27/2015,14:00
335,20150927,14:00:00,Oakland Raiders,Cleveland Browns,1023,1007,27,20,Week 3,3,9/27/2015,14:00
336,20150927,14:00:00,Cincinnati Bengals,Baltimore Ravens,1006,1002,28,24,Week 3,3,9/27/2015,14:00
337,20150927,14:00:00,Jacksonville Jaguars,New England Patriots,1014,1019,17,51,Week 3,3,9/27/2015,14:00
338,20150927,14:00:00,New Orleans Saints,Carolina Panthers,1020,1004,22,27,Week 3,3,9/27/2015,14:00
339,20150927,14:00:00,Philadelphia Eagles,New York Jets,1024,1022,24,17,Week 3,3,9/27/2015,14:00
340,20150927,14:00:00,Tampa Bay Buccaneers,Houston Texans,1029,1012,9,19,Week 3,3,9/27/2015,14:00
341,20150927,14:00:00,San Diego Chargers,Minnesota Vikings,1026,1018,14,31,Week 3,3,9/27/2015,14:00
343,20150927,17:05:00,San Francisco 49ers,Arizona Cardinals,1027,1000,7,47,Week 3,3,9/27/2015,17:05
344,20150927,17:25:00,Buffalo Bills,Miami Dolphins,1003,1017,41,14,Week 3,3,9/27/2015,17:25
345,20150927,17:25:00,Chicago Bears,Seattle Seahawks,1005,1028,0,26,Week 3,3,9/27/2015,17:25
346,20150927,21:30:00,Denver Broncos,Detroit Lions,1009,1010,24,12,Week 3,3,9/27/2015,21:30
347,20150928,21:30:00,Kansas City Chiefs,Green Bay Packers,1015,1011,28,38,Week 3,3,9/28/2015,21:30
348,20151001,21:25:00,Baltimore Ravens,Pittsburgh Steelers,1002,1025,23,20,Week 4,4,10/1/2015,21:25
349,20151004,10:30:00,New York Jets,Miami Dolphins,1022,1017,27,14,Week 4,4,10/4/2015,10:30
350,20151004,14:00:00,Jacksonville Jaguars,Indianapolis Colts,1014,1013,13,16,Week 4,4,10/4/2015,14:00
351,20151004,14:00:00,New York Giants,Buffalo Bills,1021,1003,24,10,Week 4,4,10/4/2015,14:00
352,20151004,14:00:00,Carolina Panthers,Tampa Bay Buccaneers,1004,1029,37,23,Week 4,4,10/4/2015,14:00
353,20151004,14:00:00,Philadelphia Eagles,Washington Redskins,1024,1031,20,23,Week 4,4,10/4/2015,14:00
354,20151004,14:00:00,Oakland Raiders,Chicago Bears,1023,1005,20,22,Week 4,4,10/4/2015,14:00
355,20151004,14:00:00,Houston Texans,Atlanta Falcons,1012,1001,21,48,Week 4,4,10/4/2015,14:00
356,20151004,14:00:00,Kansas City Chiefs,Cincinnati Bengals,1015,1006,21,36,Week 4,4,10/4/2015,14:00
357,20151004,17:05:00,Cleveland Browns,San Diego Chargers,1007,1026,27,30,Week 4,4,10/4/2015,17:05
358,20151004,17:25:00,Green Bay Packers,San Francisco 49ers,1011,1027,17,3,Week 4,4,10/4/2015,17:25
360,20151004,17:25:00,Minnesota Vikings,Denver Broncos,1018,1009,20,23,Week 4,4,10/4/2015,17:25
361,20151004,21:30:00,Dallas Cowboys,New Orleans Saints,1008,1020,20,26,Week 4,4,10/4/2015,21:30
362,20151005,21:30:00,Detroit Lions,Seattle Seahawks,1010,1028,10,13,Week 4,4,10/5/2015,21:30
363,20151008,21:25:00,Indianapolis Colts,Houston Texans,1013,1012,27,20,Week 5,5,10/8/2015,21:25
364,20151011,14:00:00,Chicago Bears,Kansas City Chiefs,1005,1015,18,17,Week 5,5,10/11/2015,14:00
365,20151011,14:00:00,Seattle Seahawks,Cincinnati Bengals,1028,1006,24,27,Week 5,5,10/11/2015,14:00
366,20151011,14:00:00,Washington Redskins,Atlanta Falcons,1031,1001,19,25,Week 5,5,10/11/2015,14:00
367,20151011,14:00:00,Jacksonville Jaguars,Tampa Bay Buccaneers,1014,1029,31,38,Week 5,5,10/11/2015,14:00
368,20151011,14:00:00,New Orleans Saints,Philadelphia Eagles,1020,1024,17,39,Week 5,5,10/11/2015,14:00
369,20151011,14:00:00,Cleveland Browns,Baltimore Ravens,1007,1002,33,30,Week 5,5,10/11/2015,14:00
371,20151011,14:00:00,Buffalo Bills,Tennessee Titans,1003,1030,14,13,Week 5,5,10/11/2015,14:00
372,20151011,17:05:00,Arizona Cardinals,Detroit Lions,1000,1010,42,17,Week 5,5,10/11/2015,17:05
373,20151011,17:25:00,New England Patriots,Dallas Cowboys,1019,1008,30,6,Week 5,5,10/11/2015,17:25
374,20151011,17:25:00,Denver Broncos,Oakland Raiders,1009,1023,16,10,Week 5,5,10/11/2015,17:25
375,20151011,21:30:00,San Francisco 49ers,New York Giants,1027,1021,27,30,Week 5,5,10/11/2015,21:30
376,20151012,21:30:00,Pittsburgh Steelers,San Diego Chargers,1025,1026,24,20,Week 5,5,10/12/2015,21:30
377,20151015,21:25:00,Atlanta Falcons,New Orleans Saints,1001,1020,21,31,Week 6,6,10/15/2015,21:25
378,20151018,14:00:00,Washington Redskins,New York Jets,1031,1022,20,34,Week 6,6,10/18/2015,14:00
379,20151018,14:00:00,Arizona Cardinals,Pittsburgh Steelers,1000,1025,13,25,Week 6,6,10/18/2015,14:00
380,20151018,14:00:00,Kansas City Chiefs,Minnesota Vikings,1015,1018,10,16,Week 6,6,10/18/2015,14:00
381,20151018,14:00:00,Cincinnati Bengals,Buffalo Bills,1006,1003,34,21,Week 6,6,10/18/2015,14:00
382,20151018,14:00:00,Chicago Bears,Detroit Lions,1005,1010,34,37,Week 6,6,10/18/2015,14:00
383,20151018,14:00:00,Denver Broncos,Cleveland Browns,1009,1007,26,23,Week 6,6,10/18/2015,14:00
384,20151018,14:00:00,Houston Texans,Jacksonville Jaguars,1012,1014,31,20,Week 6,6,10/18/2015,14:00
385,20151018,14:00:00,Miami Dolphins,Tennessee Titans,1017,1030,38,10,Week 6,6,10/18/2015,14:00
386,20151018,17:05:00,Carolina Panthers,Seattle Seahawks,1004,1028,27,23,Week 6,6,10/18/2015,17:05
387,20151018,17:25:00,San Diego Chargers,Green Bay Packers,1026,1011,20,27,Week 6,6,10/18/2015,17:25
388,20151018,17:25:00,Baltimore Ravens,San Francisco 49ers,1002,1027,20,25,Week 6,6,10/18/2015,17:25
389,20151018,21:30:00,New England Patriots,Indianapolis Colts,1019,1013,34,27,Week 6,6,10/18/2015,21:30
390,20151019,21:30:00,New York Giants,Philadelphia Eagles,1021,1024,7,27,Week 6,6,10/19/2015,21:30
391,20151022,21:25:00,Seattle Seahawks,San Francisco 49ers,1028,1027,20,3,Week 7,7,10/22/2015,21:25
392,20151025,10:30:00,Buffalo Bills,Jacksonville Jaguars,1003,1014,31,34,Week 7,7,10/25/2015,10:30
393,20151025,14:00:00,Tampa Bay Buccaneers,Washington Redskins,1029,1031,30,31,Week 7,7,10/25/2015,14:00
394,20151025,14:00:00,Atlanta Falcons,Tennessee Titans,1001,1030,10,7,Week 7,7,10/25/2015,14:00
395,20151025,14:00:00,New Orleans Saints,Indianapolis Colts,1020,1013,27,21,Week 7,7,10/25/2015,14:00
396,20151025,14:00:00,Minnesota Vikings,Detroit Lions,1018,1010,28,19,Week 7,7,10/25/2015,14:00
397,20151025,14:00:00,Pittsburgh Steelers,Kansas City Chiefs,1025,1015,13,23,Week 7,7,10/25/2015,14:00
399,20151025,14:00:00,Houston Texans,Miami Dolphins,1012,1017,26,44,Week 7,7,10/25/2015,14:00
400,20151025,14:00:00,New York Jets,New England Patriots,1022,1019,23,30,Week 7,7,10/25/2015,14:00
401,20151025,17:05:00,Oakland Raiders,San Diego Chargers,1023,1026,37,29,Week 7,7,10/25/2015,17:05
402,20151025,17:25:00,Dallas Cowboys,New York Giants,1008,1021,20,27,Week 7,7,10/25/2015,17:25
403,20151025,21:30:00,Philadelphia Eagles,Carolina Panthers,1024,1004,16,27,Week 7,7,10/25/2015,21:30
404,20151026,21:30:00,Baltimore Ravens,Arizona Cardinals,1002,1000,18,26,Week 7,7,10/26/2015,21:30
405,20151029,21:25:00,Miami Dolphins,New England Patriots,1017,1019,7,36,Week 8,8,10/29/2015,21:25
406,20151101,10:30:00,Detroit Lions,Kansas City Chiefs,1010,1015,10,45,Week 8,8,11/1/2015,10:30
407,20151101,14:00:00,Tampa Bay Buccaneers,Atlanta Falcons,1029,1001,23,20,Week 8,8,11/1/2015,14:00
408,20151101,14:00:00,Arizona Cardinals,Cleveland Browns,1000,1007,34,20,Week 8,8,11/1/2015,14:00
410,20151101,14:00:00,New York Giants,New Orleans Saints,1021,1020,49,52,Week 8,8,11/1/2015,14:00
411,20151101,14:00:00,Minnesota Vikings,Chicago Bears,1018,1005,23,20,Week 8,8,11/1/2015,14:00
412,20151101,14:00:00,San Diego Chargers,Baltimore Ravens,1026,1002,26,29,Week 8,8,11/1/2015,14:00
413,20151101,14:00:00,Cincinnati Bengals,Pittsburgh Steelers,1006,1025,16,10,Week 8,8,11/1/2015,14:00
414,20151101,14:00:00,Tennessee Titans,Houston Texans,1030,1012,6,20,Week 8,8,11/1/2015,14:00
415,20151101,17:05:00,New York Jets,Oakland Raiders,1022,1023,20,34,Week 8,8,11/1/2015,17:05
416,20151101,17:25:00,Seattle Seahawks,Dallas Cowboys,1028,1008,13,12,Week 8,8,11/1/2015,17:25
417,20151101,21:30:00,Green Bay Packers,Denver Broncos,1011,1009,10,29,Week 8,8,11/1/2015,21:30
418,20151102,21:30:00,Indianapolis Colts,Carolina Panthers,1013,1004,26,29,Week 8,8,11/2/2015,21:30
419,20151105,21:25:00,Cleveland Browns,Cincinnati Bengals,1007,1006,10,31,Week 9,9,11/5/2015,21:25
420,20151108,14:00:00,Green Bay Packers,Carolina Panthers,1011,1004,29,37,Week 9,9,11/8/2015,14:00
421,20151108,14:00:00,Washington Redskins,New England Patriots,1031,1019,10,27,Week 9,9,11/8/2015,14:00
422,20151108,14:00:00,Tennessee Titans,New Orleans Saints,1030,1020,34,28,Week 9,9,11/8/2015,14:00
423,20151108,14:00:00,Miami Dolphins,Buffalo Bills,1017,1003,17,33,Week 9,9,11/8/2015,14:00
425,20151108,14:00:00,Jacksonville Jaguars,New York Jets,1014,1022,23,28,Week 9,9,11/8/2015,14:00
426,20151108,14:00:00,Oakland Raiders,Pittsburgh Steelers,1023,1025,35,38,Week 9,9,11/8/2015,14:00
427,20151108,17:05:00,New York Giants,Tampa Bay Buccaneers,1021,1029,32,18,Week 9,9,11/8/2015,17:05
428,20151108,17:05:00,Atlanta Falcons,San Francisco 49ers,1001,1027,16,17,Week 9,9,11/8/2015,17:05
429,20151108,17:25:00,Denver Broncos,Indianapolis Colts,1009,1013,24,27,Week 9,9,11/8/2015,17:25
430,20151108,21:30:00,Philadelphia Eagles,Dallas Cowboys,1024,1008,33,27,Week 9,9,11/8/2015,21:30
431,20151109,21:30:00,Chicago Bears,San Diego Chargers,1005,1026,22,19,Week 9,9,11/9/2015,21:30
432,20151112,21:25:00,Buffalo Bills,New York Jets,1003,1022,22,17,Week 10,10,11/12/2015,21:25
433,20151115,14:00:00,Detroit Lions,Green Bay Packers,1010,1011,18,16,Week 10,10,11/15/2015,14:00
434,20151115,14:00:00,Dallas Cowboys,Tampa Bay Buccaneers,1008,1029,6,10,Week 10,10,11/15/2015,14:00
435,20151115,14:00:00,Carolina Panthers,Tennessee Titans,1004,1030,27,10,Week 10,10,11/15/2015,14:00
437,20151115,14:00:00,New Orleans Saints,Washington Redskins,1020,1031,14,47,Week 10,10,11/15/2015,14:00
438,20151115,14:00:00,Miami Dolphins,Philadelphia Eagles,1017,1024,20,19,Week 10,10,11/15/2015,14:00
439,20151115,14:00:00,Cleveland Browns,Pittsburgh Steelers,1007,1025,9,30,Week 10,10,11/15/2015,14:00
440,20151115,14:00:00,Jacksonville Jaguars,Baltimore Ravens,1014,1002,22,20,Week 10,10,11/15/2015,14:00
441,20151115,17:05:00,Minnesota Vikings,Oakland Raiders,1018,1023,30,14,Week 10,10,11/15/2015,17:05
442,20151115,17:25:00,New England Patriots,New York Giants,1019,1021,27,26,Week 10,10,11/15/2015,17:25
443,20151115,17:25:00,Kansas City Chiefs,Denver Broncos,1015,1009,29,13,Week 10,10,11/15/2015,17:25
444,20151115,21:30:00,Arizona Cardinals,Seattle Seahawks,1000,1028,39,32,Week 10,10,11/15/2015,21:30
445,20151116,21:30:00,Houston Texans,Cincinnati Bengals,1012,1006,10,6,Week 10,10,11/16/2015,21:30
446,20151119,21:25:00,Tennessee Titans,Jacksonville Jaguars,1030,1014,13,19,Week 11,11,11/19/2015,21:25
447,20151122,14:00:00,Oakland Raiders,Detroit Lions,1023,1010,13,18,Week 11,11,11/22/2015,14:00
448,20151122,14:00:00,Indianapolis Colts,Atlanta Falcons,1013,1001,24,21,Week 11,11,11/22/2015,14:00
449,20151122,14:00:00,New York Jets,Houston Texans,1022,1012,17,24,Week 11,11,11/22/2015,14:00
450,20151122,14:00:00,Tampa Bay Buccaneers,Philadelphia Eagles,1029,1024,45,17,Week 11,11,11/22/2015,14:00
451,20151122,14:00:00,Denver Broncos,Chicago Bears,1009,1005,17,15,Week 11,11,11/22/2015,14:00
452,20151122,14:00:00,Green Bay Packers,Minnesota Vikings,1011,1018,30,13,Week 11,11,11/22/2015,14:00
454,20151122,14:00:00,Dallas Cowboys,Miami Dolphins,1008,1017,24,14,Week 11,11,11/22/2015,14:00
455,20151122,14:00:00,Washington Redskins,Carolina Panthers,1031,1004,16,44,Week 11,11,11/22/2015,14:00
456,20151122,17:05:00,Cincinnati Bengals,Arizona Cardinals,1006,1000,31,34,Week 11,11,11/22/2015,17:05
457,20151122,17:25:00,San Francisco 49ers,Seattle Seahawks,1027,1028,13,29,Week 11,11,11/22/2015,17:25
458,20151122,21:30:00,Kansas City Chiefs,San Diego Chargers,1015,1026,33,3,Week 11,11,11/22/2015,21:30
459,20151123,21:30:00,Buffalo Bills,New England Patriots,1003,1019,13,20,Week 11,11,11/23/2015,21:30
460,20151126,13:30:00,Philadelphia Eagles,Detroit Lions,1024,1010,14,45,Week 12,12,11/26/2015,13:30
461,20151126,17:30:00,Carolina Panthers,Dallas Cowboys,1004,1008,33,14,Week 12,12,11/26/2015,17:30
462,20151126,21:30:00,Chicago Bears,Green Bay Packers,1005,1011,17,13,Week 12,12,11/26/2015,21:30
463,20151129,14:00:00,New Orleans Saints,Houston Texans,1020,1012,6,24,Week 12,12,11/29/2015,14:00
465,20151129,14:00:00,Minnesota Vikings,Atlanta Falcons,1018,1001,20,10,Week 12,12,11/29/2015,14:00
466,20151129,14:00:00,New York Giants,Washington Redskins,1021,1031,14,20,Week 12,12,11/29/2015,14:00
467,20151129,14:00:00,Tampa Bay Buccaneers,Indianapolis Colts,1029,1013,12,25,Week 12,12,11/29/2015,14:00
468,20151129,14:00:00,Buffalo Bills,Kansas City Chiefs,1003,1015,22,30,Week 12,12,11/29/2015,14:00
469,20151129,14:00:00,Oakland Raiders,Tennessee Titans,1023,1030,24,21,Week 12,12,11/29/2015,14:00
470,20151129,14:00:00,San Diego Chargers,Jacksonville Jaguars,1026,1014,31,25,Week 12,12,11/29/2015,14:00
471,20151129,14:00:00,Miami Dolphins,New York Jets,1017,1022,20,38,Week 12,12,11/29/2015,14:00
472,20151129,17:05:00,Arizona Cardinals,San Francisco 49ers,1000,1027,19,13,Week 12,12,11/29/2015,17:05
473,20151129,17:25:00,Pittsburgh Steelers,Seattle Seahawks,1025,1028,30,39,Week 12,12,11/29/2015,17:25
474,20151129,21:30:00,New England Patriots,Denver Broncos,1019,1009,24,30,Week 12,12,11/29/2015,21:30
475,20151130,21:30:00,Baltimore Ravens,Cleveland Browns,1002,1007,33,27,Week 12,12,11/30/2015,21:30
476,20151203,21:25:00,Green Bay Packers,Detroit Lions,1011,1010,27,23,Week 13,13,12/3/2015,21:25
477,20151206,14:00:00,New York Jets,New York Giants,1022,1021,23,20,Week 13,13,12/6/2015,14:00
479,20151206,14:00:00,Atlanta Falcons,Tampa Bay Buccaneers,1001,1029,19,23,Week 13,13,12/6/2015,14:00
480,20151206,14:00:00,Carolina Panthers,New Orleans Saints,1004,1020,41,38,Week 13,13,12/6/2015,14:00
481,20151206,14:00:00,Seattle Seahawks,Minnesota Vikings,1028,1018,38,7,Week 13,13,12/6/2015,14:00
482,20151206,14:00:00,Houston Texans,Buffalo Bills,1012,1003,21,30,Week 13,13,12/6/2015,14:00
483,20151206,14:00:00,Baltimore Ravens,Miami Dolphins,1002,1017,13,15,Week 13,13,12/6/2015,14:00
484,20151206,14:00:00,Cincinnati Bengals,Cleveland Browns,1006,1007,37,3,Week 13,13,12/6/2015,14:00
485,20151206,14:00:00,Jacksonville Jaguars,Tennessee Titans,1014,1030,39,42,Week 13,13,12/6/2015,14:00
486,20151206,14:00:00,San Francisco 49ers,Chicago Bears,1027,1005,26,20,Week 13,13,12/6/2015,14:00
487,20151206,17:05:00,Denver Broncos,San Diego Chargers,1009,1026,17,3,Week 13,13,12/6/2015,17:05
488,20151206,17:05:00,Kansas City Chiefs,Oakland Raiders,1015,1023,34,20,Week 13,13,12/6/2015,17:05
489,20151206,17:25:00,Philadelphia Eagles,New England Patriots,1024,1019,35,28,Week 13,13,12/6/2015,17:25
490,20151206,21:30:00,Indianapolis Colts,Pittsburgh Steelers,1013,1025,10,45,Week 13,13,12/6/2015,21:30
491,20151207,21:30:00,Dallas Cowboys,Washington Redskins,1008,1031,19,16,Week 13,13,12/7/2015,21:30
492,20151210,21:25:00,Minnesota Vikings,Arizona Cardinals,1018,1000,20,23,Week 14,14,12/10/2015,21:25
493,20151213,14:00:00,Buffalo Bills,Philadelphia Eagles,1003,1024,20,23,Week 14,14,12/13/2015,14:00
494,20151213,14:00:00,San Francisco 49ers,Cleveland Browns,1027,1007,10,24,Week 14,14,12/13/2015,14:00
496,20151213,14:00:00,New Orleans Saints,Tampa Bay Buccaneers,1020,1029,24,17,Week 14,14,12/13/2015,14:00
497,20151213,14:00:00,Tennessee Titans,New York Jets,1030,1022,8,30,Week 14,14,12/13/2015,14:00
498,20151213,14:00:00,Pittsburgh Steelers,Cincinnati Bengals,1025,1006,33,20,Week 14,14,12/13/2015,14:00
499,20151213,14:00:00,New England Patriots,Houston Texans,1019,1012,27,6,Week 14,14,12/13/2015,14:00
500,20151213,14:00:00,Indianapolis Colts,Jacksonville Jaguars,1013,1014,16,51,Week 14,14,12/13/2015,14:00
501,20151213,14:00:00,San Diego Chargers,Kansas City Chiefs,1026,1015,3,10,Week 14,14,12/13/2015,14:00
502,20151213,14:00:00,Washington Redskins,Chicago Bears,1031,1005,24,21,Week 14,14,12/13/2015,14:00
503,20151213,14:00:00,Atlanta Falcons,Carolina Panthers,1001,1004,0,38,Week 14,14,12/13/2015,14:00
504,20151213,17:05:00,Oakland Raiders,Denver Broncos,1023,1009,15,12,Week 14,14,12/13/2015,17:05
505,20151213,17:25:00,Dallas Cowboys,Green Bay Packers,1008,1011,7,28,Week 14,14,12/13/2015,17:25
506,20151213,21:30:00,Seattle Seahawks,Baltimore Ravens,1028,1002,35,6,Week 14,14,12/13/2015,21:30
507,20151214,21:30:00,New York Giants,Miami Dolphins,1021,1017,31,24,Week 14,14,12/14/2015,21:30
509,20151219,21:25:00,New York Jets,Dallas Cowboys,1022,1008,19,16,Week 15,15,12/19/2015,21:25
510,20151220,14:00:00,Chicago Bears,Minnesota Vikings,1005,1018,17,38,Week 15,15,12/20/2015,14:00
511,20151220,14:00:00,Atlanta Falcons,Jacksonville Jaguars,1001,1014,23,17,Week 15,15,12/20/2015,14:00
512,20151220,14:00:00,Houston Texans,Indianapolis Colts,1012,1013,16,10,Week 15,15,12/20/2015,14:00
513,20151220,14:00:00,Arizona Cardinals,Philadelphia Eagles,1000,1024,40,17,Week 15,15,12/20/2015,14:00
514,20151220,14:00:00,Carolina Panthers,New York Giants,1004,1021,38,35,Week 15,15,12/20/2015,14:00
515,20151220,14:00:00,Tennessee Titans,New England Patriots,1030,1019,16,33,Week 15,15,12/20/2015,14:00
516,20151220,14:00:00,Buffalo Bills,Washington Redskins,1003,1031,25,35,Week 15,15,12/20/2015,14:00
517,20151220,14:00:00,Kansas City Chiefs,Baltimore Ravens,1015,1002,34,14,Week 15,15,12/20/2015,14:00
518,20151220,17:05:00,Cleveland Browns,Seattle Seahawks,1007,1028,13,30,Week 15,15,12/20/2015,17:05
519,20151220,17:05:00,Green Bay Packers,Oakland Raiders,1011,1023,30,20,Week 15,15,12/20/2015,17:05
520,20151220,17:25:00,Denver Broncos,Pittsburgh Steelers,1009,1025,27,34,Week 15,15,12/20/2015,17:25
521,20151220,17:25:00,Miami Dolphins,San Diego Chargers,1017,1026,14,30,Week 15,15,12/20/2015,17:25
522,20151220,21:30:00,Cincinnati Bengals,San Francisco 49ers,1006,1027,24,14,Week 15,15,12/20/2015,21:30
523,20151221,21:30:00,Detroit Lions,New Orleans Saints,1010,1020,35,27,Week 15,15,12/21/2015,21:30
524,20151224,21:25:00,San Diego Chargers,Oakland Raiders,1026,1023,20,23,Week 16,16,12/24/2015,21:25
525,20151226,21:25:00,Washington Redskins,Philadelphia Eagles,1031,1024,38,24,Week 16,16,12/26/2015,21:25
526,20151227,14:00:00,New England Patriots,New York Jets,1019,1022,20,26,Week 16,16,12/27/2015,14:00
527,20151227,14:00:00,Houston Texans,Tennessee Titans,1012,1030,34,6,Week 16,16,12/27/2015,14:00
528,20151227,14:00:00,Cleveland Browns,Kansas City Chiefs,1007,1015,13,17,Week 16,16,12/27/2015,14:00
529,20151227,14:00:00,Indianapolis Colts,Miami Dolphins,1013,1017,18,12,Week 16,16,12/27/2015,14:00
530,20151227,14:00:00,Jacksonville Jaguars,New Orleans Saints,1014,1020,27,38,Week 16,16,12/27/2015,14:00
531,20151227,14:00:00,San Francisco 49ers,Detroit Lions,1027,1010,17,32,Week 16,16,12/27/2015,14:00
532,20151227,14:00:00,Dallas Cowboys,Buffalo Bills,1008,1003,6,16,Week 16,16,12/27/2015,14:00
533,20151227,14:00:00,Chicago Bears,Tampa Bay Buccaneers,1005,1029,26,21,Week 16,16,12/27/2015,14:00
534,20151227,14:00:00,Carolina Panthers,Atlanta Falcons,1004,1001,13,20,Week 16,16,12/27/2015,14:00
535,20151227,14:00:00,New York Giants,Minnesota Vikings,1021,1018,17,49,Week 16,16,12/27/2015,14:00
537,20151227,17:25:00,Green Bay Packers,Arizona Cardinals,1011,1000,8,38,Week 16,16,12/27/2015,17:25
538,20151227,21:30:00,Pittsburgh Steelers,Baltimore Ravens,1025,1002,17,20,Week 16,16,12/27/2015,21:30
539,20151228,21:30:00,Cincinnati Bengals,Denver Broncos,1006,1009,17,20,Week 16,16,12/28/2015,21:30
540,20160103,14:00:00,New York Jets,Buffalo Bills,1022,1003,17,22,Week 17,17,1/3/2016,14:00
541,20160103,14:00:00,New England Patriots,Miami Dolphins,1019,1017,10,20,Week 17,17,1/3/2016,14:00
542,20160103,14:00:00,Tampa Bay Buccaneers,Carolina Panthers,1029,1004,10,38,Week 17,17,1/3/2016,14:00
543,20160103,14:00:00,New Orleans Saints,Atlanta Falcons,1020,1001,20,17,Week 17,17,1/3/2016,14:00
544,20160103,14:00:00,Baltimore Ravens,Cincinnati Bengals,1002,1006,16,24,Week 17,17,1/3/2016,14:00
545,20160103,14:00:00,Pittsburgh Steelers,Cleveland Browns,1025,1007,28,12,Week 17,17,1/3/2016,14:00
546,20160103,14:00:00,Jacksonville Jaguars,Houston Texans,1014,1012,6,30,Week 17,17,1/3/2016,14:00
547,20160103,14:00:00,Tennessee Titans,Indianapolis Colts,1030,1013,24,30,Week 17,17,1/3/2016,14:00
548,20160103,14:00:00,Oakland Raiders,Kansas City Chiefs,1023,1015,17,23,Week 17,17,1/3/2016,14:00
549,20160103,14:00:00,Washington Redskins,Dallas Cowboys,1031,1008,34,23,Week 17,17,1/3/2016,14:00
550,20160103,14:00:00,Philadelphia Eagles,New York Giants,1024,1021,35,30,Week 17,17,1/3/2016,14:00
551,20160103,14:00:00,Detroit Lions,Chicago Bears,1010,1005,24,20,Week 17,17,1/3/2016,14:00
552,20160103,14:00:00,Minnesota Vikings,Green Bay Packers,1018,1011,20,13,Week 17,17,1/3/2016,14:00
553,20160103,17:25:00,San Diego Chargers,Denver Broncos,1026,1009,20,27,Week 17,17,1/3/2016,17:25
554,20160103,17:25:00,Seattle Seahawks,Arizona Cardinals,1028,1000,36,6,Week 17,17,1/3/2016,17:25
326,20150920,14:00:00,Los Angeles Rams,Washington Redskins,1016,1031,10,24,Week 2,2,9/20/2015,14:00
359,20151004,17:25:00,Los Angeles Rams,Arizona Cardinals,1016,1000,24,22,Week 4,4,10/4/2015,17:25
370,20151011,14:00:00,Los Angeles Rams,Green Bay Packers,1016,1011,10,24,Week 5,5,10/11/2015,14:00
424,20151108,14:00:00,Los Angeles Rams,Minnesota Vikings,1016,1018,18,21,Week 9,9,11/8/2015,14:00
453,20151122,14:00:00,Los Angeles Rams,Baltimore Ravens,1016,1002,13,16,Week 11,11,11/22/2015,14:00
464,20151129,14:00:00,Los Angeles Rams,Cincinnati Bengals,1016,1006,7,31,Week 12,12,11/29/2015,14:00
536,20151227,17:25:00,Los Angeles Rams,Seattle Seahawks,1016,1028,23,17,Week 16,16,12/27/2015,17:25
555,20160103,17:25:00,Los Angeles Rams,San Francisco 49ers,1016,1027,16,19,Week 17,17,1/3/2016,17:25
307,20150913,14:00:00,Seattle Seahawks,Los Angeles Rams,1028,1016,31,34,Week 1,1,9/13/2015,14:00
342,20150927,14:00:00,Pittsburgh Steelers,Los Angeles Rams,1025,1016,12,6,Week 3,3,9/27/2015,14:00
398,20151025,14:00:00,Cleveland Browns,Los Angeles Rams,1007,1016,6,24,Week 7,7,10/25/2015,14:00
409,20151101,14:00:00,San Francisco 49ers,Los Angeles Rams,1027,1016,6,27,Week 8,8,11/1/2015,14:00
436,20151115,14:00:00,Chicago Bears,Los Angeles Rams,1005,1016,37,13,Week 10,10,11/15/2015,14:00
478,20151206,14:00:00,Arizona Cardinals,Los Angeles Rams,1000,1016,27,3,Week 13,13,12/6/2015,14:00
495,20151213,14:00:00,Detroit Lions,Los Angeles Rams,1010,1016,14,21,Week 14,14,12/13/2015,14:00
508,20151217,21:25:00,Tampa Bay Buccaneers,Los Angeles Rams,1029,1016,23,31,Week 15,15,12/17/2015,21:25